,DatafileName,Xcenter,Ycenter,MaxInt,Peaks,S
0,000_000.dat,521.81,505.72,10888.0,8,3.96
1,000_001.dat,522.84,505.82,10928.0,6,3.62
2,000_002.dat,522.77,505.56,10913.0,4,3.44
3,000_003.dat,522.67,505.67,10919.0,4,3.36
4,000_004.dat,522.93,505.22,10710.0,11,3.76
5,000_005.dat,523.16,505.6,10963.0,3,3.36
6,000_006.dat,523.01,505.69,10928.0,7,3.5
7,000_007.dat,522.32,505.93,10433.0,17,4.04
8,000_008.dat,521.62,505.61,10802.0,13,4.03
9,000_009.dat,521.48,504.51,8208.0,19,4.2
10,000_010.dat,522.86,505.43,10462.0,7,3.92
11,000_011.dat,522.27,505.51,8078.0,16,4.27
12,000_012.dat,521.92,504.73,10944.0,8,3.93
13,000_013.dat,523.75,505.91,10793.0,10,3.77
14,000_014.dat,523.1,505.69,10930.0,6,3.44
15,000_015.dat,521.91,505.44,9321.0,21,4.33
16,000_016.dat,521.9,504.77,11042.0,11,3.75
17,000_017.dat,522.7,505.51,10935.0,2,3.2
18,000_018.dat,522.47,505.29,11030.0,9,3.6
19,000_019.dat,522.93,505.48,7567.0,20,4.33
20,000_020.dat,522.64,505.75,11018.0,6,3.54
21,000_021.dat,522.22,505.95,10848.0,6,3.84
22,000_022.dat,523.06,505.88,10920.0,5,3.65
23,000_023.dat,522.13,505.53,9560.0,6,4.19
24,000_024.dat,521.47,505.48,9830.0,10,4.05
25,000_025.dat,523.01,505.51,10971.0,5,3.64
26,000_026.dat,523.7,505.61,10889.0,6,3.97
27,000_027.dat,520.09,504.5,9176.0,14,4.31
28,000_028.dat,524.52,505.98,9845.0,7,4.24
29,000_029.dat,523.62,505.33,9892.0,11,4.14
30,001_000.dat,522.9,505.4,10954.0,6,3.54
31,001_001.dat,524.0,505.92,11023.0,9,3.76
32,001_002.dat,522.45,505.43,11007.0,3,3.26
33,001_003.dat,522.66,505.64,10930.0,3,3.25
34,001_004.dat,522.49,505.66,10903.0,1,3.34
35,001_005.dat,522.65,506.04,10870.0,7,3.67
36,001_006.dat,523.24,505.68,10986.0,7,3.64
37,001_007.dat,522.26,505.73,10606.0,12,3.94
38,001_008.dat,522.58,505.87,10929.0,3,3.46
39,001_009.dat,522.54,505.65,10897.0,4,3.43
40,001_010.dat,522.44,504.85,10933.0,6,3.72
41,001_011.dat,523.44,505.17,10925.0,17,3.96
42,001_012.dat,521.58,504.98,10740.0,12,3.96
43,001_013.dat,522.87,505.93,10792.0,9,4.12
44,001_014.dat,521.26,504.53,10217.0,15,4.13
45,001_015.dat,521.81,505.82,10580.0,12,3.98
46,001_016.dat,522.39,504.82,10579.0,9,3.83
47,001_017.dat,521.6,504.59,10780.0,11,3.94
48,001_018.dat,522.14,504.63,10774.0,9,3.9
49,001_019.dat,522.27,505.96,10821.0,12,3.88
50,001_020.dat,522.35,504.99,10716.0,10,3.96
51,001_021.dat,522.31,504.88,10769.0,8,3.83
52,001_022.dat,522.74,505.97,10871.0,9,3.77
53,001_023.dat,522.84,505.35,10778.0,6,3.65
54,001_024.dat,523.08,505.67,10849.0,7,3.84
55,001_025.dat,521.69,505.13,10850.0,8,4.1
56,001_026.dat,522.25,504.52,9417.0,15,4.25
57,001_027.dat,522.93,505.68,9594.0,8,4.16
58,001_028.dat,522.3,505.41,8128.0,13,4.35
59,001_029.dat,522.9,505.28,9557.0,9,4.22
60,002_000.dat,521.9,504.92,10075.0,20,4.12
61,002_001.dat,522.31,505.83,10979.0,4,3.48
62,002_002.dat,522.68,505.59,10883.0,5,3.3
63,002_003.dat,522.12,506.24,10815.0,14,3.95
64,002_004.dat,521.94,505.09,10638.0,12,4.07
65,002_005.dat,522.11,505.56,9201.0,24,4.25
66,002_006.dat,523.92,505.82,10900.0,13,3.8
67,002_007.dat,522.04,505.88,10234.0,14,4.07
68,002_008.dat,522.52,505.0,10848.0,9,3.69
69,002_009.dat,523.11,505.69,10896.0,11,3.44
70,002_010.dat,523.53,505.76,10900.0,9,3.59
71,002_011.dat,522.22,505.53,10921.0,2,3.32
72,002_012.dat,521.77,505.86,10864.0,12,3.76
73,002_013.dat,521.98,505.18,8993.0,19,4.3
74,002_014.dat,521.92,505.52,10597.0,12,3.94
75,002_015.dat,522.3,505.47,10852.0,9,3.59
76,002_016.dat,521.75,505.11,10870.0,9,3.81
77,002_017.dat,521.46,505.53,10723.0,15,3.83
78,002_018.dat,522.31,506.26,10525.0,13,3.98
79,002_019.dat,522.27,505.14,10800.0,5,3.67
80,002_020.dat,523.44,505.85,10957.0,9,3.57
81,002_021.dat,524.56,505.93,10874.0,13,4.06
82,002_022.dat,522.69,506.0,10874.0,4,3.79
83,002_023.dat,523.06,505.7,10805.0,7,3.79
84,002_024.dat,521.99,506.05,10493.0,7,3.95
85,002_025.dat,522.66,504.7,9497.0,9,4.15
86,002_026.dat,522.69,505.27,8898.0,19,4.22
87,002_027.dat,521.55,504.79,8867.0,16,4.37
88,002_028.dat,522.58,505.62,10681.0,14,3.91
89,002_029.dat,523.4,505.45,10664.0,11,4.07
90,003_000.dat,521.71,505.73,10725.0,10,3.96
91,003_001.dat,522.05,505.44,10750.0,10,3.69
92,003_002.dat,523.83,505.79,10943.0,9,3.81
93,003_003.dat,523.44,505.86,10864.0,10,3.67
94,003_004.dat,522.82,505.43,9996.0,14,4.03
95,003_005.dat,522.54,505.63,10848.0,4,3.64
96,003_006.dat,522.26,505.13,10721.0,9,3.77
97,003_007.dat,523.02,505.36,10850.0,6,3.54
98,003_008.dat,522.41,505.57,10921.0,3,3.2
99,003_009.dat,522.55,505.55,7853.0,23,4.32
100,003_010.dat,523.53,505.88,10764.0,11,3.86
101,003_011.dat,521.93,505.95,10904.0,8,3.74
102,003_012.dat,522.54,505.9,10743.0,7,3.65
103,003_013.dat,523.15,505.65,10934.0,3,3.47
104,003_014.dat,522.64,505.77,10782.0,16,4.04
105,003_015.dat,522.08,505.86,10879.0,9,3.56
106,003_016.dat,522.76,505.2,10910.0,9,3.76
107,003_017.dat,523.0,505.47,10878.0,11,3.56
108,003_018.dat,521.79,505.74,10854.0,12,3.95
109,003_019.dat,521.83,505.96,10796.0,8,3.65
110,003_020.dat,522.08,505.34,10865.0,8,3.58
111,003_021.dat,523.33,505.76,10804.0,9,3.95
112,003_022.dat,522.73,505.78,10929.0,8,3.54
113,003_023.dat,522.17,505.81,10058.0,12,4.11
114,003_024.dat,521.96,504.79,10756.0,14,3.96
115,003_025.dat,523.2,506.11,10774.0,9,4.02
116,003_026.dat,521.78,505.32,9573.0,13,4.23
117,003_027.dat,521.18,504.62,10402.0,14,4.11
118,003_028.dat,521.62,505.02,9595.0,6,4.21
119,003_029.dat,522.51,505.32,10683.0,6,3.75
120,004_000.dat,521.52,505.3,10771.0,11,4.02
121,004_001.dat,522.43,505.72,10893.0,4,3.29
122,004_002.dat,522.52,505.86,9900.0,24,4.27
123,004_003.dat,522.77,505.68,10878.0,4,3.24
124,004_004.dat,522.08,506.87,9396.0,28,4.25
125,004_005.dat,522.17,505.82,10991.0,7,3.42
126,004_006.dat,522.4,504.61,10848.0,10,3.77
127,004_007.dat,523.62,506.05,10911.0,6,3.75
128,004_008.dat,522.84,504.97,10903.0,15,3.88
129,004_009.dat,522.51,505.31,10941.0,11,3.9
130,004_010.dat,523.31,505.9,10883.0,6,3.54
131,004_011.dat,523.44,505.82,10926.0,17,3.76
132,004_012.dat,522.08,505.91,10914.0,7,3.6
133,004_013.dat,524.37,506.3,10787.0,14,4.0
134,004_014.dat,523.45,505.96,10879.0,7,3.81
135,004_015.dat,522.03,505.67,10872.0,9,3.57
136,004_016.dat,520.87,504.94,10736.0,13,4.12
137,004_017.dat,521.04,505.06,10843.0,10,3.92
138,004_018.dat,521.91,505.04,10750.0,7,3.76
139,004_019.dat,522.06,505.65,10911.0,6,3.56
140,004_020.dat,522.36,505.61,10919.0,3,3.14
141,004_021.dat,521.52,504.8,10614.0,15,3.99
142,004_022.dat,523.3,505.42,9321.0,16,4.24
143,004_023.dat,522.41,505.25,10806.0,9,4.04
144,004_024.dat,521.28,505.02,10610.0,14,4.1
145,004_025.dat,522.64,505.93,10903.0,10,3.8
146,004_026.dat,522.09,505.98,10537.0,8,3.85
147,004_027.dat,521.61,505.13,10659.0,7,4.02
148,004_028.dat,522.53,504.65,10720.0,5,3.95
149,004_029.dat,522.71,505.41,10504.0,8,3.87
150,005_000.dat,523.67,505.89,10992.0,5,3.69
151,005_001.dat,523.11,505.56,10883.0,9,3.58
152,005_002.dat,521.75,505.09,10492.0,19,4.22
153,005_003.dat,521.3,505.63,10768.0,8,3.87
154,005_004.dat,522.85,505.78,10887.0,6,3.39
155,005_005.dat,523.63,505.93,10840.0,8,3.77
156,005_006.dat,522.48,505.94,10812.0,4,3.64
157,005_007.dat,521.05,504.42,10573.0,14,4.14
158,005_008.dat,522.94,505.52,10943.0,4,3.34
159,005_009.dat,521.66,506.04,10639.0,16,3.8
160,005_010.dat,523.61,505.47,8838.0,16,4.24
161,005_011.dat,522.9,505.78,10924.0,11,3.71
162,005_012.dat,522.67,505.74,8865.0,15,4.31
163,005_013.dat,521.76,505.19,9673.0,19,4.13
164,005_014.dat,524.35,506.11,10774.0,15,3.91
165,005_015.dat,523.36,505.87,10366.0,20,4.12
166,005_016.dat,523.43,505.86,10924.0,11,3.54
167,005_017.dat,523.9,506.21,10874.0,11,3.88
168,005_018.dat,522.33,505.05,10810.0,16,4.05
169,005_019.dat,523.71,505.84,10879.0,11,3.74
170,005_020.dat,522.67,505.97,10616.0,13,3.89
171,005_021.dat,522.43,505.46,8932.0,13,4.22
172,005_022.dat,522.18,505.88,10910.0,9,3.68
173,005_023.dat,523.03,505.43,10659.0,8,3.61
174,005_024.dat,523.79,505.9,10851.0,10,3.84
175,005_025.dat,524.8,506.43,10842.0,11,3.95
176,005_026.dat,523.39,506.67,9925.0,9,4.17
177,005_027.dat,524.92,506.17,10270.0,15,4.18
178,005_028.dat,522.07,505.35,10090.0,9,4.03
179,005_029.dat,523.29,505.35,10789.0,7,3.78
180,006_000.dat,523.3,505.23,9182.0,23,4.2
181,006_001.dat,521.08,504.65,10574.0,19,4.15
182,006_002.dat,523.26,505.8,10893.0,8,3.45
183,006_003.dat,522.67,505.73,10834.0,4,3.42
184,006_004.dat,524.14,506.49,10918.0,16,4.05
185,006_005.dat,523.33,505.87,10727.0,8,3.77
186,006_006.dat,520.95,504.75,10267.0,20,4.17
187,006_007.dat,523.21,505.65,10926.0,6,3.65
188,006_008.dat,523.12,505.94,10991.0,9,3.59
189,006_009.dat,521.37,505.36,10717.0,12,3.9
190,006_010.dat,521.31,505.56,10638.0,12,3.75
191,006_011.dat,523.87,506.21,10867.0,11,3.87
192,006_012.dat,521.84,505.44,10576.0,13,3.71
193,006_013.dat,522.54,505.62,10809.0,4,3.3
194,006_014.dat,523.78,508.62,10416.0,20,4.07
195,006_015.dat,522.78,505.84,10925.0,4,3.45
196,006_016.dat,522.78,505.06,10484.0,13,4.05
197,006_017.dat,523.3,505.25,10803.0,14,3.76
198,006_018.dat,521.3,504.59,10503.0,11,4.07
199,006_019.dat,522.37,505.53,10424.0,13,4.05
200,006_020.dat,522.79,505.67,10972.0,12,3.44
201,006_021.dat,522.96,505.58,10880.0,12,3.96
202,006_022.dat,521.27,504.81,10252.0,14,4.05
203,006_023.dat,522.1,506.08,10986.0,10,3.67
204,006_024.dat,522.19,505.35,9106.0,13,4.27
205,006_025.dat,522.56,505.36,10797.0,6,3.76
206,006_026.dat,523.22,506.34,10639.0,11,3.91
207,006_027.dat,522.3,505.47,10936.0,3,3.56
208,006_028.dat,523.61,505.82,10968.0,10,3.71
209,006_029.dat,522.78,505.88,10851.0,5,3.51
210,007_000.dat,522.4,505.91,10834.0,9,3.6
211,007_001.dat,522.32,505.78,11019.0,3,3.38
212,007_002.dat,523.14,505.91,10697.0,8,3.58
213,007_003.dat,522.37,505.19,9400.0,15,4.17
214,007_004.dat,522.35,505.58,10507.0,13,4.02
215,007_005.dat,522.51,505.94,10897.0,5,3.47
216,007_006.dat,523.22,505.66,10906.0,7,3.35
217,007_007.dat,523.32,505.95,10763.0,13,3.86
218,007_008.dat,521.52,505.91,10545.0,8,3.99
219,007_009.dat,521.64,505.66,10769.0,12,3.9
220,007_010.dat,523.52,505.78,10904.0,3,3.58
221,007_011.dat,521.75,504.57,10732.0,11,3.83
222,007_012.dat,522.72,505.74,10926.0,1,3.34
223,007_013.dat,522.71,505.5,10844.0,13,3.58
224,007_014.dat,521.95,506.56,10700.0,19,4.09
225,007_015.dat,521.83,506.03,10865.0,9,3.76
226,007_016.dat,521.77,505.33,10763.0,14,3.99
227,007_017.dat,522.1,505.33,10068.0,14,4.21
228,007_018.dat,523.09,505.49,10619.0,15,4.06
229,007_019.dat,522.82,505.69,9628.0,16,4.15
230,007_020.dat,521.69,505.58,10593.0,9,3.82
231,007_021.dat,522.12,504.78,10829.0,10,3.85
232,007_022.dat,522.74,505.6,10984.0,2,3.32
233,007_023.dat,523.1,505.61,10934.0,9,3.53
234,007_024.dat,522.62,505.8,10881.0,4,3.47
235,007_025.dat,522.26,505.47,9648.0,15,4.23
236,007_026.dat,523.82,505.88,10840.0,6,3.86
237,007_027.dat,522.94,504.92,10837.0,11,3.79
238,007_028.dat,523.76,505.86,10536.0,8,4.02
239,007_029.dat,522.56,505.25,10363.0,11,4.03
240,008_000.dat,521.96,506.54,10304.0,14,4.12
241,008_001.dat,522.78,506.18,10439.0,17,4.13
242,008_002.dat,522.5,505.5,10044.0,10,4.22
243,008_003.dat,522.84,505.62,7696.0,19,4.28
244,008_004.dat,523.04,505.65,10853.0,12,3.88
245,008_005.dat,522.64,505.9,10889.0,6,3.46
246,008_006.dat,522.76,505.33,10814.0,7,3.59
247,008_007.dat,522.17,505.68,10967.0,1,3.17
248,008_008.dat,522.07,505.03,10657.0,13,3.88
249,008_009.dat,522.51,505.92,10733.0,13,3.96
250,008_010.dat,521.9,505.98,10962.0,6,3.64
251,008_011.dat,521.93,505.08,10770.0,8,3.78
252,008_012.dat,523.22,506.61,10753.0,16,4.12
253,008_013.dat,523.61,506.02,10904.0,12,3.84
254,008_014.dat,522.29,505.41,10806.0,2,3.29
255,008_015.dat,522.52,505.42,10843.0,5,3.43
256,008_016.dat,521.87,505.46,10606.0,10,3.69
257,008_017.dat,523.11,506.03,10866.0,11,3.55
258,008_018.dat,522.04,506.03,10898.0,7,3.48
259,008_019.dat,523.22,505.8,10791.0,8,3.76
260,008_020.dat,525.06,505.89,10251.0,17,4.13
261,008_021.dat,522.19,505.47,10902.0,6,3.36
262,008_022.dat,523.88,505.92,11011.0,14,3.78
263,008_023.dat,523.17,505.16,10834.0,16,4.0
264,008_024.dat,523.81,505.54,10892.0,15,3.97
265,008_025.dat,521.56,505.38,10876.0,12,3.86
266,008_026.dat,523.06,504.66,10908.0,13,3.87
267,008_027.dat,522.38,506.05,10883.0,9,3.73
268,008_028.dat,522.55,505.6,10972.0,2,3.35
269,008_029.dat,521.93,505.32,10772.0,12,3.72
270,009_000.dat,522.83,505.68,10888.0,4,3.31
271,009_001.dat,521.65,505.84,10913.0,7,3.93
272,009_002.dat,522.84,505.64,10889.0,4,3.4
273,009_003.dat,521.6,505.94,10787.0,14,3.85
274,009_004.dat,521.96,506.05,10021.0,21,4.15
275,009_005.dat,522.36,505.88,10948.0,7,3.44
276,009_006.dat,523.16,505.66,10957.0,4,3.33
277,009_007.dat,524.56,505.71,10665.0,11,4.08
278,009_008.dat,522.04,505.29,10822.0,6,3.44
279,009_009.dat,521.34,504.88,10762.0,17,4.1
280,009_010.dat,523.94,505.97,10910.0,12,3.62
281,009_011.dat,521.71,505.13,10691.0,12,3.69
282,009_012.dat,522.92,505.71,10908.0,9,3.6
283,009_013.dat,522.38,505.88,10869.0,5,3.55
284,009_014.dat,522.67,505.61,10957.0,3,3.35
285,009_015.dat,523.55,505.38,10212.0,14,4.03
286,009_016.dat,522.31,504.77,10163.0,13,3.99
287,009_017.dat,522.02,505.52,9611.0,23,4.22
288,009_018.dat,521.79,505.85,10754.0,9,3.77
289,009_019.dat,522.77,505.72,10932.0,5,3.59
290,009_020.dat,523.0,505.95,10831.0,20,4.01
291,009_021.dat,522.23,505.83,10923.0,9,3.58
292,009_022.dat,522.51,505.8,10931.0,4,3.36
293,009_023.dat,522.54,505.54,10807.0,6,3.38
294,009_024.dat,523.54,505.53,10868.0,7,3.65
295,009_025.dat,522.8,505.65,10952.0,1,3.26
296,009_026.dat,521.49,505.88,10161.0,17,4.07
297,009_027.dat,522.5,505.33,10137.0,16,4.14
298,009_028.dat,524.09,505.64,10704.0,13,3.97
299,009_029.dat,521.66,505.64,10800.0,11,3.74
300,010_000.dat,524.24,506.33,10970.0,15,3.94
301,010_001.dat,522.91,505.41,10866.0,3,3.33
302,010_002.dat,521.59,505.43,10920.0,14,3.9
303,010_003.dat,522.49,505.66,10882.0,2,3.15
304,010_004.dat,523.29,505.22,10824.0,10,3.76
305,010_005.dat,522.51,505.91,10930.0,8,3.6
306,010_006.dat,521.37,505.49,10849.0,14,3.84
307,010_007.dat,521.58,505.66,10665.0,8,3.95
308,010_008.dat,523.05,505.42,9719.0,21,4.16
309,010_009.dat,522.26,505.86,10807.0,12,3.6
310,010_010.dat,523.87,505.98,9287.0,21,4.24
311,010_011.dat,521.46,505.74,10269.0,16,4.23
312,010_012.dat,521.94,506.09,10866.0,13,3.76
313,010_013.dat,523.9,505.94,10896.0,11,3.63
314,010_014.dat,520.91,505.67,10765.0,12,3.75
315,010_015.dat,522.09,505.49,10746.0,7,3.46
316,010_016.dat,522.16,505.93,9762.0,19,4.15
317,010_017.dat,522.27,504.56,10689.0,18,4.01
318,010_018.dat,521.98,505.73,10816.0,10,3.7
319,010_019.dat,521.85,505.43,10791.0,9,3.84
320,010_020.dat,521.97,505.87,10719.0,9,3.55
321,010_021.dat,524.19,506.61,10087.0,18,4.22
322,010_022.dat,521.51,505.16,10397.0,17,4.06
323,010_023.dat,522.27,505.3,10848.0,4,3.44
324,010_024.dat,523.34,505.59,10793.0,9,3.9
325,010_025.dat,522.9,506.25,10873.0,13,4.02
326,010_026.dat,523.12,505.69,10906.0,6,3.34
327,010_027.dat,523.01,505.63,9387.0,18,4.2
328,010_028.dat,522.23,504.37,10743.0,11,3.86
329,010_029.dat,522.49,505.61,10911.0,1,3.18
330,011_000.dat,522.06,505.89,10739.0,7,3.77
331,011_001.dat,522.22,505.93,10851.0,5,3.46
332,011_002.dat,522.31,505.86,10911.0,3,3.4
333,011_003.dat,524.46,506.21,10909.0,12,3.81
334,011_004.dat,523.17,506.4,10865.0,18,3.87
335,011_005.dat,522.18,504.81,10552.0,12,4.04
336,011_006.dat,524.27,506.3,10759.0,9,3.8
337,011_007.dat,522.2,505.87,10946.0,4,3.48
338,011_008.dat,520.15,504.17,10697.0,12,4.21
339,011_009.dat,522.04,505.41,10963.0,12,3.66
340,011_010.dat,523.03,505.63,10888.0,11,3.85
341,011_011.dat,522.08,506.08,10798.0,9,3.63
342,011_012.dat,522.62,505.64,10995.0,4,3.34
343,011_013.dat,522.82,505.5,10841.0,9,3.52
344,011_014.dat,522.16,505.85,10378.0,18,4.01
345,011_015.dat,523.21,505.48,10971.0,10,3.56
346,011_016.dat,521.38,504.99,10798.0,19,4.0
347,011_017.dat,522.49,505.76,10911.0,6,3.42
348,011_018.dat,523.22,505.55,10987.0,11,3.7
349,011_019.dat,521.89,505.24,10728.0,13,4.0
350,011_020.dat,521.85,505.25,10678.0,11,3.65
351,011_021.dat,522.3,505.03,10769.0,13,3.97
352,011_022.dat,521.78,505.62,10691.0,14,3.65
353,011_023.dat,521.87,505.37,11042.0,4,3.44
354,011_024.dat,523.48,506.35,10855.0,13,3.88
355,011_025.dat,521.48,506.0,10882.0,15,3.89
356,011_026.dat,522.26,505.3,10955.0,6,3.33
357,011_027.dat,522.73,505.49,10847.0,7,3.54
358,011_028.dat,522.98,505.55,10935.0,11,3.61
359,011_029.dat,523.53,506.26,10915.0,15,3.92
360,012_000.dat,523.59,506.21,10340.0,16,4.15
361,012_001.dat,522.64,505.56,8783.0,14,4.3
362,012_002.dat,524.64,506.5,10683.0,13,4.1
363,012_003.dat,521.97,505.64,10068.0,10,4.06
364,012_004.dat,523.5,506.03,10862.0,8,3.59
365,012_005.dat,522.45,505.33,10819.0,5,3.43
366,012_006.dat,521.98,505.17,9565.0,17,4.18
367,012_007.dat,523.38,505.68,10900.0,8,3.51
368,012_008.dat,522.2,505.11,10725.0,9,3.65
369,012_009.dat,523.18,506.29,10837.0,11,3.88
370,012_010.dat,522.95,505.47,10923.0,3,3.4
371,012_011.dat,523.88,506.28,10914.0,14,3.83
372,012_012.dat,522.9,505.79,10843.0,5,3.39
373,012_013.dat,522.37,505.45,10753.0,9,3.85
374,012_014.dat,521.5,505.43,10662.0,16,3.98
375,012_015.dat,522.96,505.61,10374.0,14,3.87
376,012_016.dat,522.58,505.32,10876.0,7,3.5
377,012_017.dat,521.88,505.27,10794.0,17,4.01
378,012_018.dat,522.56,505.69,10647.0,15,4.01
379,012_019.dat,521.69,504.79,9962.0,17,4.19
380,012_020.dat,523.45,505.45,10974.0,11,3.76
381,012_021.dat,522.27,506.0,9532.0,16,4.27
382,012_022.dat,523.05,505.65,10942.0,7,3.39
383,012_023.dat,522.67,505.88,10015.0,15,4.04
384,012_024.dat,521.65,505.96,10892.0,11,3.88
385,012_025.dat,522.37,505.58,10434.0,15,4.09
386,012_026.dat,523.21,505.82,10809.0,6,3.62
387,012_027.dat,521.24,505.3,10777.0,12,3.97
388,012_028.dat,521.79,505.42,10792.0,11,3.94
389,012_029.dat,519.61,504.29,9798.0,19,4.27
390,013_000.dat,522.22,505.45,10806.0,11,3.56
391,013_001.dat,522.34,505.44,10843.0,3,3.31
392,013_002.dat,518.87,503.85,9197.0,22,4.22
393,013_003.dat,523.27,505.96,10340.0,12,4.08
394,013_004.dat,523.49,506.13,10797.0,12,3.79
395,013_005.dat,521.38,505.01,10488.0,14,3.98
396,013_006.dat,522.99,505.64,10855.0,4,3.34
397,013_007.dat,521.45,504.53,10344.0,13,3.97
398,013_008.dat,522.51,505.61,11010.0,2,3.09
399,013_009.dat,522.35,505.42,10957.0,8,3.63
400,013_010.dat,522.41,505.89,10933.0,4,3.49
401,013_011.dat,523.76,505.76,10925.0,12,3.66
402,013_012.dat,523.69,505.84,10963.0,13,3.69
403,013_013.dat,523.01,505.29,10861.0,5,3.58
404,013_014.dat,522.52,505.77,10806.0,4,3.27
405,013_015.dat,522.46,505.55,8519.0,24,4.17
406,013_016.dat,522.61,505.24,10716.0,6,3.55
407,013_017.dat,522.53,505.34,9897.0,22,4.09
408,013_018.dat,522.39,505.73,10886.0,5,3.47
409,013_019.dat,522.08,505.28,10675.0,12,3.68
410,013_020.dat,523.02,505.67,10895.0,8,3.71
411,013_021.dat,521.45,505.95,10768.0,11,3.82
412,013_022.dat,522.04,505.88,10734.0,20,4.0
413,013_023.dat,522.89,505.61,10916.0,7,3.34
414,013_024.dat,522.05,505.0,10776.0,9,3.66
415,013_025.dat,522.17,505.29,10876.0,10,3.58
416,013_026.dat,524.57,506.02,10830.0,14,3.83
417,013_027.dat,522.4,505.34,10783.0,5,3.57
418,013_028.dat,522.61,505.61,10815.0,2,3.15
419,013_029.dat,523.2,505.69,10906.0,8,3.47
420,014_000.dat,522.65,505.37,8263.0,19,4.18
421,014_001.dat,522.59,505.72,10865.0,5,3.28
422,014_002.dat,522.74,505.32,10803.0,4,3.48
423,014_003.dat,522.32,504.97,10870.0,9,3.65
424,014_004.dat,522.73,505.01,10809.0,7,3.64
425,014_005.dat,522.21,505.19,10942.0,9,3.61
426,014_006.dat,523.04,505.62,10985.0,5,3.36
427,014_007.dat,521.37,505.15,10850.0,20,4.03
428,014_008.dat,523.42,505.6,10545.0,14,4.07
429,014_009.dat,520.43,504.8,10911.0,16,4.01
430,014_010.dat,522.07,505.34,10666.0,15,3.66
431,014_011.dat,522.08,504.97,10717.0,10,3.84
432,014_012.dat,522.02,506.05,10847.0,11,3.85
433,014_013.dat,520.91,505.25,10426.0,14,4.16
434,014_014.dat,521.7,504.85,10827.0,15,4.07
435,014_015.dat,522.12,505.83,10528.0,16,4.02
436,014_016.dat,522.49,505.59,9330.0,15,4.21
437,014_017.dat,522.84,505.6,10905.0,9,3.64
438,014_018.dat,522.37,506.05,10867.0,9,3.78
439,014_019.dat,522.76,505.68,10879.0,3,3.32
440,014_020.dat,522.69,505.82,10657.0,10,4.0
441,014_021.dat,522.71,505.76,10891.0,6,3.39
442,014_022.dat,522.74,505.67,11007.0,3,3.34
443,014_023.dat,523.06,505.66,10882.0,7,3.55
444,014_024.dat,522.03,505.83,10884.0,7,3.5
445,014_025.dat,522.23,505.77,10784.0,12,3.49
446,014_026.dat,522.94,505.86,10875.0,18,3.62
447,014_027.dat,521.7,505.72,10753.0,11,3.65
448,014_028.dat,522.44,506.05,9742.0,18,4.23
449,014_029.dat,520.96,504.97,10735.0,10,3.83
450,015_000.dat,522.1,505.93,10858.0,4,3.62
451,015_001.dat,523.31,506.77,10843.0,17,4.03
452,015_002.dat,522.05,505.1,10277.0,10,4.17
453,015_003.dat,523.08,507.15,10893.0,11,4.11
454,015_004.dat,522.97,504.69,10365.0,15,3.96
455,015_005.dat,521.75,505.12,10832.0,8,3.63
456,015_006.dat,521.21,505.4,10920.0,13,3.9
457,015_007.dat,521.97,505.36,10810.0,7,3.55
458,015_008.dat,523.47,505.63,10967.0,12,3.71
459,015_009.dat,522.03,504.41,10801.0,9,3.87
460,015_010.dat,522.35,505.76,10518.0,15,4.05
461,015_011.dat,522.34,505.65,9811.0,15,4.19
462,015_012.dat,522.5,504.91,10432.0,17,3.99
463,015_013.dat,522.78,505.65,10892.0,3,3.28
464,015_014.dat,522.64,505.61,10974.0,1,3.06
465,015_015.dat,520.89,505.26,9482.0,18,4.3
466,015_016.dat,521.54,504.54,10432.0,14,4.14
467,015_017.dat,523.69,506.43,10877.0,12,4.05
468,015_018.dat,521.85,505.32,10723.0,9,3.63
469,015_019.dat,522.63,505.2,10926.0,10,3.5
470,015_020.dat,523.39,506.05,10825.0,11,3.62
471,015_021.dat,523.11,505.41,10705.0,11,3.72
472,015_022.dat,523.44,505.68,10938.0,11,3.74
473,015_023.dat,522.98,505.21,10798.0,12,3.84
474,015_024.dat,522.97,505.89,10899.0,4,3.47
475,015_025.dat,521.94,504.55,10837.0,15,3.89
476,015_026.dat,522.61,505.51,10955.0,2,3.22
477,015_027.dat,521.94,505.15,10914.0,12,3.64
478,015_028.dat,522.78,505.75,9827.0,19,4.26
479,015_029.dat,524.23,505.91,10872.0,9,3.89
480,016_000.dat,521.5,504.99,10022.0,18,4.11
481,016_001.dat,521.71,504.74,10882.0,16,3.91
482,016_002.dat,521.75,505.54,10690.0,14,3.89
483,016_003.dat,522.84,505.87,8124.0,24,4.23
484,016_004.dat,522.44,505.48,10914.0,5,3.4
485,016_005.dat,521.7,506.22,10518.0,12,3.99
486,016_006.dat,522.98,505.62,10946.0,4,3.45
487,016_007.dat,522.64,505.55,10661.0,18,4.06
488,016_008.dat,521.82,505.19,10489.0,15,4.07
489,016_009.dat,523.01,505.94,9275.0,16,4.25
490,016_010.dat,523.29,505.72,10905.0,11,3.61
491,016_011.dat,521.64,504.53,10806.0,8,3.86
492,016_012.dat,523.38,505.87,10794.0,10,3.93
493,016_013.dat,521.68,504.63,10359.0,12,4.1
494,016_014.dat,521.31,505.58,10950.0,13,3.81
495,016_015.dat,521.99,505.49,10888.0,4,3.27
496,016_016.dat,522.54,505.69,10897.0,3,3.23
497,016_017.dat,524.36,505.53,10582.0,9,3.83
498,016_018.dat,522.9,505.63,10968.0,9,3.28
499,016_019.dat,522.3,505.79,10934.0,4,3.39
500,016_020.dat,522.3,505.28,10940.0,6,3.45
501,016_021.dat,520.09,503.96,10545.0,12,4.01
502,016_022.dat,523.55,505.05,10912.0,8,3.92
503,016_023.dat,523.66,505.7,10840.0,15,3.85
504,016_024.dat,522.46,506.04,10928.0,9,3.62
505,016_025.dat,522.69,505.9,10766.0,11,3.53
506,016_026.dat,523.49,505.68,10885.0,5,3.52
507,016_027.dat,523.65,505.99,10990.0,18,3.78
508,016_028.dat,522.39,505.62,10853.0,2,3.07
509,016_029.dat,522.56,505.66,10905.0,3,3.26
510,017_000.dat,520.49,504.18,9288.0,16,4.32
511,017_001.dat,523.5,506.26,10932.0,13,3.91
512,017_002.dat,522.35,505.65,10802.0,13,3.46
513,017_003.dat,520.03,505.01,9731.0,25,4.06
514,017_004.dat,523.05,505.73,10912.0,4,3.37
515,017_005.dat,521.85,505.97,10972.0,12,3.7
516,017_006.dat,522.56,505.81,10950.0,3,3.35
517,017_007.dat,522.65,505.52,9895.0,20,4.08
518,017_008.dat,522.57,505.69,10832.0,8,3.4
519,017_009.dat,523.24,505.14,10341.0,15,4.1
520,017_010.dat,522.69,506.62,10737.0,13,4.14
521,017_011.dat,522.53,505.54,10976.0,2,3.26
522,017_012.dat,524.05,506.27,10577.0,23,4.09
523,017_013.dat,521.7,506.06,10498.0,17,4.02
524,017_014.dat,523.18,505.8,10757.0,7,3.51
525,017_015.dat,523.69,505.75,10825.0,5,3.56
526,017_016.dat,521.83,505.9,10870.0,4,3.55
527,017_017.dat,522.21,505.41,10974.0,2,3.4
528,017_018.dat,522.66,506.33,10844.0,14,3.83
529,017_019.dat,523.11,505.27,9312.0,17,4.21
530,017_020.dat,522.48,506.24,10860.0,9,3.96
531,017_021.dat,522.1,506.15,10625.0,9,3.97
532,017_022.dat,521.86,505.04,10850.0,9,3.76
533,017_023.dat,524.2,506.39,10905.0,11,3.96
534,017_024.dat,522.11,505.61,10470.0,10,3.93
535,017_025.dat,523.05,505.44,10891.0,6,3.59
536,017_026.dat,522.82,505.77,10169.0,19,4.12
537,017_027.dat,522.32,505.28,8502.0,21,4.33
538,017_028.dat,521.43,504.96,10529.0,14,4.16
539,017_029.dat,525.55,506.93,7520.0,22,4.28
540,018_000.dat,523.09,505.47,10820.0,7,3.65
541,018_001.dat,521.61,505.67,10810.0,11,3.79
542,018_002.dat,523.26,505.88,10338.0,10,3.95
543,018_003.dat,522.29,505.69,10954.0,2,3.17
544,018_004.dat,524.98,507.0,10378.0,19,4.19
545,018_005.dat,520.92,505.17,10819.0,16,4.09
546,018_006.dat,523.68,505.28,10546.0,11,3.94
547,018_007.dat,522.69,505.9,10869.0,5,3.47
548,018_008.dat,522.12,505.52,10919.0,5,3.61
549,018_009.dat,522.39,506.51,10810.0,8,3.95
550,018_010.dat,522.26,505.72,10776.0,8,3.41
551,018_011.dat,522.03,505.29,10781.0,10,3.66
552,018_012.dat,522.4,505.57,10842.0,6,3.2
553,018_013.dat,522.24,505.53,10811.0,9,3.6
554,018_014.dat,523.7,505.63,10881.0,12,3.88
555,018_015.dat,521.47,504.52,9930.0,17,4.24
556,018_016.dat,522.61,505.9,10657.0,15,4.01
557,018_017.dat,522.55,504.54,10789.0,13,3.89
558,018_018.dat,523.14,505.74,9935.0,17,4.16
559,018_019.dat,523.19,505.57,10828.0,9,3.87
560,018_020.dat,522.94,505.72,10831.0,9,3.75
561,018_021.dat,523.38,505.69,10606.0,10,4.03
562,018_022.dat,523.27,505.87,10813.0,8,3.5
563,018_023.dat,523.07,506.25,10791.0,11,3.8
564,018_024.dat,523.01,505.04,10862.0,10,3.74
565,018_025.dat,522.96,505.53,10949.0,1,3.26
566,018_026.dat,522.45,505.55,10908.0,2,3.13
567,018_027.dat,522.83,505.26,11009.0,4,3.5
568,018_028.dat,521.12,504.63,10387.0,18,4.14
569,018_029.dat,522.4,506.17,10931.0,12,3.71
570,019_000.dat,522.44,505.89,10875.0,6,3.56
571,019_001.dat,521.85,506.26,10842.0,12,3.93
572,019_002.dat,522.27,505.89,10902.0,11,3.47
573,019_003.dat,522.25,506.12,10867.0,6,3.65
574,019_004.dat,523.07,504.93,10621.0,11,3.95
575,019_005.dat,523.39,505.7,10906.0,8,3.47
576,019_006.dat,522.63,505.75,10938.0,4,3.39
577,019_007.dat,522.47,505.53,10804.0,7,3.56
578,019_008.dat,521.82,504.92,10753.0,10,3.76
579,019_009.dat,521.54,505.82,10381.0,15,4.12
580,019_010.dat,522.29,505.62,10884.0,8,3.56
581,019_011.dat,522.5,505.61,10925.0,1,3.12
582,019_012.dat,523.22,505.65,10896.0,7,3.35
583,019_013.dat,523.4,505.3,10491.0,11,4.12
584,019_014.dat,522.75,505.38,11008.0,7,3.45
585,019_015.dat,522.93,505.65,10888.0,4,3.35
586,019_016.dat,522.08,506.03,10834.0,9,3.69
587,019_017.dat,524.34,506.45,10572.0,11,4.11
588,019_018.dat,523.31,505.75,10928.0,17,3.61
589,019_019.dat,523.68,505.38,10776.0,19,3.91
590,019_020.dat,522.69,505.38,10839.0,5,3.41
591,019_021.dat,522.56,505.48,10852.0,8,3.72
592,019_022.dat,523.16,506.27,10816.0,10,4.04
593,019_023.dat,522.71,505.13,10939.0,5,3.63
594,019_024.dat,523.55,505.56,10902.0,13,3.95
595,019_025.dat,521.86,505.35,10614.0,7,3.64
596,019_026.dat,524.08,506.01,10741.0,5,3.77
597,019_027.dat,522.36,505.62,10825.0,4,3.37
598,019_028.dat,522.88,505.73,10811.0,10,3.52
599,019_029.dat,521.35,505.39,10880.0,12,4.06
600,020_000.dat,522.79,505.75,10808.0,7,3.61
601,020_001.dat,523.24,506.0,10651.0,15,4.08
602,020_002.dat,522.62,505.68,10069.0,14,4.12
603,020_003.dat,522.48,505.61,10862.0,4,3.31
604,020_004.dat,522.6,505.75,9981.0,12,4.19
605,020_005.dat,523.95,505.33,10821.0,15,4.0
606,020_006.dat,523.28,505.68,10897.0,10,3.67
607,020_007.dat,523.54,505.64,10888.0,16,3.89
608,020_008.dat,522.13,505.07,10965.0,9,3.75
609,020_009.dat,522.03,505.35,10726.0,8,3.65
610,020_010.dat,522.46,505.1,10437.0,11,4.08
611,020_011.dat,522.03,506.05,10886.0,9,3.76
612,020_012.dat,521.99,505.05,9708.0,18,4.15
613,020_013.dat,524.15,505.59,10869.0,7,3.81
614,020_014.dat,523.42,505.29,10946.0,12,3.7
615,020_015.dat,523.99,506.13,10788.0,17,3.89
616,020_016.dat,523.34,506.04,10787.0,10,3.71
617,020_017.dat,523.1,505.67,10792.0,8,3.54
618,020_018.dat,522.16,505.07,10641.0,12,4.03
619,020_019.dat,522.54,505.38,10872.0,8,3.52
620,020_020.dat,522.75,505.78,10846.0,2,3.21
621,020_021.dat,523.01,505.72,10861.0,3,3.19
622,020_022.dat,523.02,505.59,11000.0,12,3.79
623,020_023.dat,525.41,505.84,10638.0,15,4.09
624,020_024.dat,522.97,506.39,10880.0,14,3.93
625,020_025.dat,521.61,504.58,10888.0,7,3.9
626,020_026.dat,521.96,504.34,9866.0,23,4.15
627,020_027.dat,523.23,505.46,10830.0,5,3.34
628,020_028.dat,524.7,506.03,10836.0,12,3.91
629,020_029.dat,522.33,505.34,9824.0,16,4.08
630,021_000.dat,522.78,505.7,10890.0,5,3.44
631,021_001.dat,523.16,505.7,10915.0,9,3.58
632,021_002.dat,521.98,505.21,10746.0,10,3.54
633,021_003.dat,521.7,505.91,10884.0,11,3.77
634,021_004.dat,523.46,506.01,10797.0,8,3.8
635,021_005.dat,523.37,505.91,10874.0,10,3.63
636,021_006.dat,522.2,505.19,10806.0,15,3.96
637,021_007.dat,522.95,505.69,10763.0,6,3.51
638,021_008.dat,522.73,505.86,10870.0,5,3.45
639,021_009.dat,522.69,506.39,10063.0,18,4.24
640,021_010.dat,525.25,506.27,10381.0,11,4.07
641,021_011.dat,522.57,504.89,7633.0,16,4.27
642,021_012.dat,521.54,504.6,10901.0,18,3.91
643,021_013.dat,522.34,505.99,9717.0,19,4.29
644,021_014.dat,522.08,505.74,10708.0,7,3.45
645,021_015.dat,525.45,505.93,10622.0,16,4.03
646,021_016.dat,522.93,505.53,10905.0,13,3.75
647,021_017.dat,522.37,505.59,10167.0,13,4.01
648,021_018.dat,522.41,505.82,10877.0,9,3.5
649,021_019.dat,523.03,505.55,10776.0,5,3.59
650,021_020.dat,521.84,506.08,10750.0,14,3.93
651,021_021.dat,522.4,505.67,10818.0,15,3.8
652,021_022.dat,520.63,504.56,10169.0,20,4.14
653,021_023.dat,522.79,505.15,10834.0,8,3.5
654,021_024.dat,523.22,506.0,10877.0,14,3.67
655,021_025.dat,522.63,505.35,9093.0,19,4.26
656,021_026.dat,521.45,505.49,10876.0,19,4.0
657,021_027.dat,522.98,505.26,8451.0,14,4.2
658,021_028.dat,521.8,505.27,10847.0,15,3.99
659,021_029.dat,522.78,505.31,10423.0,17,4.02
660,022_000.dat,522.53,504.68,10692.0,15,3.99
661,022_001.dat,522.78,505.7,8397.0,11,4.19
662,022_002.dat,523.73,505.94,10854.0,9,3.82
663,022_003.dat,522.25,505.64,9413.0,14,4.25
664,022_004.dat,521.73,505.06,10680.0,14,4.05
665,022_005.dat,522.57,505.43,10823.0,9,3.64
666,022_006.dat,522.85,505.52,10780.0,11,3.71
667,022_007.dat,521.4,505.04,10833.0,13,4.08
668,022_008.dat,524.22,506.28,10835.0,9,3.98
669,022_009.dat,522.64,505.54,10806.0,4,3.22
670,022_010.dat,522.21,505.4,10725.0,12,3.89
671,022_011.dat,522.98,505.73,10923.0,6,3.34
672,022_012.dat,523.49,505.53,9510.0,14,4.28
673,022_013.dat,522.99,505.65,10941.0,3,3.13
674,022_014.dat,522.36,505.85,10827.0,4,3.36
675,022_015.dat,522.86,506.03,10809.0,9,3.51
676,022_016.dat,521.38,505.5,10828.0,12,3.97
677,022_017.dat,522.16,504.96,10925.0,10,4.06
678,022_018.dat,521.48,505.4,10863.0,17,4.02
679,022_019.dat,521.46,505.3,10489.0,24,4.16
680,022_020.dat,522.92,505.95,10924.0,11,3.64
681,022_021.dat,522.53,505.51,10873.0,2,3.02
682,022_022.dat,522.79,505.17,10852.0,6,3.54
683,022_023.dat,522.8,505.58,9450.0,15,4.17
684,022_024.dat,522.29,505.61,10867.0,4,3.4
685,022_025.dat,523.53,505.52,9543.0,13,4.17
686,022_026.dat,522.34,506.29,10621.0,20,4.08
687,022_027.dat,523.31,505.66,10805.0,17,3.96
688,022_028.dat,524.26,506.03,10812.0,15,3.93
689,022_029.dat,522.58,505.52,10887.0,1,3.11
690,023_000.dat,522.69,505.68,10906.0,6,3.33
691,023_001.dat,522.03,505.06,10865.0,10,3.65
692,023_002.dat,522.36,505.87,10990.0,4,3.35
693,023_003.dat,522.66,505.61,11045.0,3,3.21
694,023_004.dat,520.73,505.13,11010.0,22,4.1
695,023_005.dat,522.67,505.56,10894.0,7,3.46
696,023_006.dat,522.25,506.02,10704.0,13,4.1
697,023_007.dat,523.12,505.45,10872.0,7,3.48
698,023_008.dat,522.88,505.4,10835.0,3,3.37
699,023_009.dat,522.59,505.56,10904.0,3,3.29
700,023_010.dat,522.36,505.61,10942.0,3,3.24
701,023_011.dat,521.73,505.69,9577.0,13,4.17
702,023_012.dat,523.13,505.71,10956.0,3,3.41
703,023_013.dat,522.48,505.57,10880.0,5,3.27
704,023_014.dat,523.15,505.89,10839.0,8,3.64
705,023_015.dat,523.06,505.67,10839.0,7,3.39
706,023_016.dat,522.94,505.74,10799.0,6,3.35
707,023_017.dat,523.09,505.68,10919.0,7,3.42
708,023_018.dat,523.11,505.69,10831.0,9,3.77
709,023_019.dat,523.82,505.92,10790.0,21,4.07
710,023_020.dat,523.38,505.71,10878.0,8,3.64
711,023_021.dat,521.56,504.78,10516.0,17,4.17
712,023_022.dat,522.6,505.63,10902.0,2,3.17
713,023_023.dat,521.42,505.19,10890.0,12,3.77
714,023_024.dat,523.1,505.63,10839.0,7,3.44
715,023_025.dat,521.85,505.8,10824.0,14,3.73
716,023_026.dat,523.43,505.24,10718.0,16,3.93
717,023_027.dat,522.41,505.92,10829.0,5,3.47
718,023_028.dat,522.48,504.77,10300.0,16,4.04
719,023_029.dat,523.18,505.69,10965.0,8,3.61
720,024_000.dat,522.5,505.71,10730.0,5,3.55
721,024_001.dat,522.98,505.3,9946.0,14,4.09
722,024_002.dat,522.41,505.21,10786.0,9,3.75
723,024_003.dat,522.44,505.64,10752.0,8,3.43
724,024_004.dat,523.54,506.64,10437.0,16,4.1
725,024_005.dat,522.48,505.84,10774.0,4,3.5
726,024_006.dat,522.72,505.85,10869.0,4,3.33
727,024_007.dat,525.67,506.54,10548.0,11,4.12
728,024_008.dat,522.5,505.59,10196.0,15,4.05
729,024_009.dat,521.84,506.12,10796.0,11,3.63
730,024_010.dat,523.65,506.07,9267.0,18,4.33
731,024_011.dat,521.97,504.94,10689.0,15,4.08
732,024_012.dat,522.97,505.67,11004.0,6,3.37
733,024_013.dat,525.49,506.67,10768.0,17,4.03
734,024_014.dat,521.16,505.39,10460.0,13,4.16
735,024_015.dat,522.12,506.07,10794.0,15,3.65
736,024_016.dat,522.51,505.82,10867.0,2,3.23
737,024_017.dat,521.67,504.91,9041.0,18,4.25
738,024_018.dat,523.74,505.51,10850.0,9,3.72
739,024_019.dat,522.33,505.22,10780.0,11,3.51
740,024_020.dat,522.15,505.91,10710.0,8,3.48
741,024_021.dat,522.7,505.73,10830.0,5,3.35
742,024_022.dat,522.89,505.6,10931.0,9,3.47
743,024_023.dat,522.06,505.31,10650.0,15,3.77
744,024_024.dat,524.62,506.37,10769.0,8,3.9
745,024_025.dat,522.03,504.91,9321.0,18,4.25
746,024_026.dat,521.69,504.88,9450.0,19,4.27
747,024_027.dat,522.02,505.06,10737.0,15,3.92
748,024_028.dat,522.79,505.51,10921.0,2,3.22
749,024_029.dat,523.42,506.0,9608.0,16,4.27
750,025_000.dat,522.46,505.88,10884.0,5,3.51
751,025_001.dat,523.64,505.55,10249.0,15,4.12
752,025_002.dat,522.13,506.1,10785.0,10,3.79
753,025_003.dat,523.68,506.11,10877.0,9,3.79
754,025_004.dat,521.68,504.39,9143.0,9,4.11
755,025_005.dat,522.6,505.62,10763.0,5,3.57
756,025_006.dat,519.67,504.31,10474.0,13,4.25
757,025_007.dat,521.42,505.85,10855.0,17,3.93
758,025_008.dat,522.48,505.78,10850.0,10,3.53
759,025_009.dat,523.0,505.81,10790.0,4,3.37
760,025_010.dat,522.58,505.66,10861.0,1,3.17
761,025_011.dat,521.99,504.57,10129.0,18,4.15
762,025_012.dat,523.56,505.8,10831.0,7,3.51
763,025_013.dat,521.57,505.83,10750.0,16,3.99
764,025_014.dat,522.58,505.59,10770.0,8,3.66
765,025_015.dat,521.82,505.18,10817.0,14,3.71
766,025_016.dat,525.52,506.85,10631.0,13,4.11
767,025_017.dat,522.19,506.16,10704.0,13,3.94
768,025_018.dat,523.01,505.5,10882.0,7,3.51
769,025_019.dat,522.37,505.16,10823.0,8,3.66
770,025_020.dat,522.5,505.95,10949.0,6,3.7
771,025_021.dat,523.49,505.18,10895.0,16,3.82
772,025_022.dat,524.02,505.61,10817.0,12,3.94
773,025_023.dat,522.43,505.57,9297.0,19,4.08
774,025_024.dat,522.58,505.65,10953.0,2,3.1
775,025_025.dat,521.53,505.53,10791.0,14,3.85
776,025_026.dat,521.94,505.02,9991.0,14,4.17
777,025_027.dat,523.25,505.35,10414.0,12,4.01
778,025_028.dat,522.91,505.43,10904.0,4,3.37
779,025_029.dat,521.71,505.14,10780.0,14,3.92
780,026_000.dat,524.43,505.92,10891.0,7,4.07
781,026_001.dat,521.67,505.85,9358.0,14,4.21
782,026_002.dat,521.91,505.58,10708.0,9,3.85
783,026_003.dat,521.43,505.99,10661.0,14,3.98
784,026_004.dat,521.59,505.63,10813.0,13,3.82
785,026_005.dat,522.34,505.25,10668.0,9,3.89
786,026_006.dat,522.44,505.11,10677.0,8,3.81
787,026_007.dat,523.6,505.87,9363.0,26,4.24
788,026_008.dat,522.75,505.74,7895.0,21,4.33
789,026_009.dat,522.05,504.87,10776.0,11,3.92
790,026_010.dat,523.16,505.89,10923.0,7,3.43
791,026_011.dat,522.9,505.6,10937.0,4,3.2
792,026_012.dat,522.58,505.99,10838.0,10,3.76
793,026_013.dat,524.14,505.93,10903.0,16,3.8
794,026_014.dat,524.72,506.36,10935.0,11,3.92
795,026_015.dat,522.59,505.6,10900.0,3,3.24
796,026_016.dat,522.73,505.61,10892.0,3,3.2
797,026_017.dat,522.63,505.86,10909.0,4,3.32
798,026_018.dat,523.17,505.65,10904.0,4,3.39
799,026_019.dat,521.9,504.99,10790.0,16,4.08
800,026_020.dat,521.93,505.9,10814.0,6,3.65
801,026_021.dat,523.41,505.85,10679.0,7,3.55
802,026_022.dat,522.66,505.58,10914.0,5,3.33
803,026_023.dat,521.74,505.71,10712.0,13,3.81
804,026_024.dat,522.59,504.8,10484.0,14,3.99
805,026_025.dat,522.74,505.75,10795.0,11,3.6
806,026_026.dat,521.93,505.93,10854.0,9,3.84
807,026_027.dat,522.13,505.26,10746.0,10,3.75
808,026_028.dat,522.94,505.41,10876.0,9,3.76
809,026_029.dat,522.91,505.1,9060.0,19,4.25
810,027_000.dat,523.79,506.05,10937.0,14,3.85
811,027_001.dat,524.53,506.51,10759.0,15,3.96
812,027_002.dat,523.97,506.04,10958.0,10,3.73
813,027_003.dat,523.64,505.85,10869.0,8,3.58
814,027_004.dat,523.56,505.31,10703.0,10,3.85
815,027_005.dat,524.36,506.1,10971.0,14,3.81
816,027_006.dat,521.68,505.5,10818.0,9,3.79
817,027_007.dat,523.5,506.16,10854.0,13,3.92
818,027_008.dat,523.91,505.82,10894.0,11,3.74
819,027_009.dat,523.86,505.22,10612.0,12,3.94
820,027_010.dat,522.21,505.34,10326.0,12,4.1
821,027_011.dat,522.49,505.73,10552.0,9,3.93
822,027_012.dat,522.84,505.54,10819.0,2,3.45
823,027_013.dat,523.18,505.51,10884.0,5,3.68
824,027_014.dat,523.46,505.81,10194.0,18,3.93
825,027_015.dat,523.99,505.73,10803.0,8,4.01
826,027_016.dat,523.06,504.99,10868.0,9,3.63
827,027_017.dat,521.67,505.39,10805.0,11,3.77
828,027_018.dat,521.59,505.63,10504.0,15,3.89
829,027_019.dat,523.23,506.47,10765.0,16,4.02
830,027_020.dat,523.7,505.83,10960.0,10,3.81
831,027_021.dat,522.17,505.25,10770.0,4,3.53
832,027_022.dat,522.8,505.56,10983.0,1,3.16
833,027_023.dat,523.41,505.61,10876.0,6,3.57
834,027_024.dat,522.56,505.8,11119.0,2,3.39
835,027_025.dat,524.74,505.91,10775.0,15,4.02
836,027_026.dat,523.02,505.52,10838.0,10,3.67
837,027_027.dat,523.54,505.31,10926.0,8,3.72
838,027_028.dat,523.21,508.07,6522.0,20,4.31
839,027_029.dat,522.71,505.66,10938.0,5,3.32
840,028_000.dat,521.59,505.41,9622.0,19,4.13
841,028_001.dat,521.71,505.9,10665.0,13,3.88
842,028_002.dat,522.72,505.68,10912.0,4,3.42
843,028_003.dat,523.13,505.4,9977.0,16,4.05
844,028_004.dat,521.02,505.29,10793.0,14,3.87
845,028_005.dat,523.38,506.28,10988.0,9,3.94
846,028_006.dat,524.62,506.03,10748.0,14,3.89
847,028_007.dat,523.99,505.87,10917.0,16,3.96
848,028_008.dat,522.15,505.71,8148.0,18,4.27
849,028_009.dat,522.14,505.35,10775.0,5,3.53
850,028_010.dat,522.9,505.63,10841.0,14,3.77
851,028_011.dat,523.41,506.18,10844.0,10,3.77
852,028_012.dat,522.71,506.05,10983.0,6,3.74
853,028_013.dat,522.0,505.01,10818.0,14,3.74
854,028_014.dat,522.93,505.68,10903.0,4,3.17
855,028_015.dat,522.32,505.29,9122.0,13,4.18
856,028_016.dat,522.23,505.93,10775.0,9,3.55
857,028_017.dat,521.96,505.55,10800.0,12,3.91
858,028_018.dat,525.76,507.2,10603.0,21,4.19
859,028_019.dat,523.38,505.65,10904.0,7,3.52
860,028_020.dat,522.67,505.92,11022.0,13,3.77
861,028_021.dat,523.01,505.57,10868.0,5,3.48
862,028_022.dat,522.81,505.12,10856.0,9,3.66
863,028_023.dat,521.95,505.31,9731.0,15,4.22
864,028_024.dat,522.91,506.01,10869.0,4,3.49
865,028_025.dat,522.69,505.61,10881.0,1,3.3
866,028_026.dat,523.74,505.52,10843.0,6,3.84
867,028_027.dat,521.5,505.44,10785.0,7,3.97
868,028_028.dat,522.51,505.34,10851.0,14,4.0
869,028_029.dat,521.92,506.0,10830.0,17,4.06
870,029_000.dat,523.38,505.78,10888.0,8,3.57
871,029_001.dat,524.09,506.17,10819.0,10,3.81
872,029_002.dat,522.96,505.57,10795.0,9,3.69
873,029_003.dat,522.2,506.09,10942.0,8,3.79
874,029_004.dat,521.95,505.4,10642.0,18,4.02
875,029_005.dat,523.29,505.9,10869.0,12,3.84
876,029_006.dat,521.96,504.82,10737.0,10,3.78
877,029_007.dat,523.12,506.02,10462.0,14,4.11
878,029_008.dat,523.04,505.54,10854.0,4,3.38
879,029_009.dat,522.36,505.17,9745.0,16,4.16
880,029_010.dat,523.75,505.71,10770.0,8,3.87
881,029_011.dat,521.71,505.13,10730.0,9,3.8
882,029_012.dat,523.1,504.89,10967.0,11,3.83
883,029_013.dat,521.81,505.0,9834.0,20,4.17
884,029_014.dat,521.86,505.18,10241.0,20,4.07
885,029_015.dat,521.97,505.76,10761.0,11,3.85
886,029_016.dat,522.06,506.03,10853.0,9,3.83
887,029_017.dat,523.42,505.79,10648.0,14,3.98
888,029_018.dat,522.77,505.77,10852.0,5,3.45
889,029_019.dat,522.55,505.05,10766.0,9,3.7
890,029_020.dat,523.9,505.74,10907.0,13,3.77
891,029_021.dat,522.91,505.52,9306.0,28,4.22
892,029_022.dat,521.65,505.19,10849.0,16,3.89
893,029_023.dat,523.64,505.74,10984.0,9,3.56
894,029_024.dat,522.79,505.71,10927.0,5,3.3
895,029_025.dat,523.69,506.03,10882.0,12,3.77
896,029_026.dat,522.57,505.01,9795.0,19,4.15
897,029_027.dat,523.07,505.64,10870.0,10,3.49
898,029_028.dat,521.91,506.18,10597.0,14,3.98
899,029_029.dat,523.32,504.96,10786.0,9,3.86
